Molecule ChEMBL ID,Smiles,pChEMBL Value
CHEMBL444605,CC(=O)OCCCc1nc(N)nc(N)c1-c1cccc(Cl)c1,5.28
CHEMBL21395,CCOc1cc(Cc2cnc(N)nc2N)ccc1OCc1ccccc1,6.92
CHEMBL291931,COc1ccc(Cc2cnc(N)nc2N)cc1OCc1ccccc1,5.24
CHEMBL274031,Nc1ncc(Cc2cccc(OCc3ccccc3)c2)c(N)n1,4.89
CHEMBL22139,CCCOc1cc(Cc2cnc(N)nc2N)ccc1OCc1cc(OC)c(OC)c(OC)c1,7.52
CHEMBL29773,CCc1nc(N)nc(N)c1-c1cccc(OC)c1,7.14
CHEMBL56146,Nc1ncc(Cc2ccc(OCc3ccccc3)cc2)c(N)n1,6.89
CHEMBL22901,CCOc1cc(Cc2cnc(N)nc2N)ccc1OCc1cc(OC)c(OC)c(OC)c1,7.16
CHEMBL22901,CCOc1cc(Cc2cnc(N)nc2N)ccc1OCc1cc(OC)c(OC)c(OC)c1,7.4
CHEMBL22901,CCOc1cc(Cc2cnc(N)nc2N)ccc1OCc1cc(OC)c(OC)c(OC)c1,6.96
CHEMBL21494,COC(=O)CCCc1nc(N)nc(N)c1-c1cccc(Cl)c1,4.44
CHEMBL7130,CC1(C)N=C(N)N=C(N)N1c1cccc(Cl)c1,6.66
CHEMBL7130,CC1(C)N=C(N)N=C(N)N1c1cccc(Cl)c1,6.66
CHEMBL161034,NC1=NC(c2ccc(Oc3ccccc3)cc2)N(c2ccc(Cl)cc2)C(N)=N1,5.16
CHEMBL161117,NC1=NC(c2cccc(Oc3ccccc3)c2)N(c2cccc(Cl)c2)C(N)=N1,5.66
CHEMBL346982,CCCOc1ccc(C2N=C(N)N=C(N)N2c2cccc(Cl)c2)cc1,5.54
CHEMBL291931,COc1ccc(Cc2cnc(N)nc2N)cc1OCc1ccccc1,7.3
CHEMBL118602,CCc1nc(N)nc(N)c1Cc1ccc(OCc2ccccc2)c(OC)c1,4.95
CHEMBL161451,NC1=NC(c2ccc(Oc3ccccc3)cc2)N(c2cccc(Cl)c2)C(N)=N1,8.4
CHEMBL22901,CCOc1cc(Cc2cnc(N)nc2N)ccc1OCc1cc(OC)c(OC)c(OC)c1,8
CHEMBL22357,CCc1nc(N)nc(N)c1-c1ccc(Cl)cc1Cl,4.65
CHEMBL22811,COc1cc(Cc2cnc(N)nc2N)ccc1OCc1cc(OC)c(OC)c(OC)c1,6.58
CHEMBL120123,COc1cc(Cc2c(C)nc(N)nc2N)ccc1OCc1ccccc1,5.17
CHEMBL120123,COc1cc(Cc2c(C)nc(N)nc2N)ccc1OCc1ccccc1,4.6
CHEMBL120123,COc1cc(Cc2c(C)nc(N)nc2N)ccc1OCc1ccccc1,5.54
CHEMBL159052,NC1=NC(c2cccc(OCCCOc3cc(Cl)c(Cl)cc3Cl)c2)N(c2cccc(Cl)c2)C(N)=N1,6.43
CHEMBL159052,NC1=NC(c2cccc(OCCCOc3cc(Cl)c(Cl)cc3Cl)c2)N(c2cccc(Cl)c2)C(N)=N1,5.28
CHEMBL416552,CCCCCCc1nc(N)nc(N)c1-c1ccccc1,5.89
CHEMBL21395,CCOc1cc(Cc2cnc(N)nc2N)ccc1OCc1ccccc1,4.84
CHEMBL21395,CCOc1cc(Cc2cnc(N)nc2N)ccc1OCc1ccccc1,4.78
CHEMBL22139,CCCOc1cc(Cc2cnc(N)nc2N)ccc1OCc1cc(OC)c(OC)c(OC)c1,7.22
CHEMBL22901,CCOc1cc(Cc2cnc(N)nc2N)ccc1OCc1cc(OC)c(OC)c(OC)c1,5.3
CHEMBL22811,COc1cc(Cc2cnc(N)nc2N)ccc1OCc1cc(OC)c(OC)c(OC)c1,6.89
CHEMBL120123,COc1cc(Cc2c(C)nc(N)nc2N)ccc1OCc1ccccc1,5.99
CHEMBL29773,CCc1nc(N)nc(N)c1-c1cccc(OC)c1,8.03
CHEMBL279948,Cc1nc(N)nc(N)c1Cc1ccc(OCc2ccccc2)c(OCc2ccccc2)c1,5.35
CHEMBL346963,CCCCCCCC1N=C(N)N=C(N)N1c1cccc(Cl)c1,6.48
CHEMBL22137,CCc1nc(N)nc(N)c1Cc1ccc(OCc2ccccc2)c(OCc2ccccc2)c1,7.52
CHEMBL346963,CCCCCCCC1N=C(N)N=C(N)N1c1cccc(Cl)c1,5.6
CHEMBL119224,Nc1ncc(Cc2cccc(Oc3ccccc3)c2)c(N)n1,4.72
CHEMBL119224,Nc1ncc(Cc2cccc(Oc3ccccc3)c2)c(N)n1,5.54
CHEMBL119224,Nc1ncc(Cc2cccc(Oc3ccccc3)c2)c(N)n1,7.52
CHEMBL22137,CCc1nc(N)nc(N)c1Cc1ccc(OCc2ccccc2)c(OCc2ccccc2)c1,5.45
CHEMBL279948,Cc1nc(N)nc(N)c1Cc1ccc(OCc2ccccc2)c(OCc2ccccc2)c1,6.17
CHEMBL279948,Cc1nc(N)nc(N)c1Cc1ccc(OCc2ccccc2)c(OCc2ccccc2)c1,5.58
CHEMBL416373,CCCCOc1cc(Cc2cnc(N)nc2N)ccc1OCc1cc(OC)c(OC)c(OC)c1,5
CHEMBL161034,NC1=NC(c2ccc(Oc3ccccc3)cc2)N(c2ccc(Cl)cc2)C(N)=N1,5.51
CHEMBL161034,NC1=NC(c2ccc(Oc3ccccc3)cc2)N(c2ccc(Cl)cc2)C(N)=N1,5.5
CHEMBL158570,NC1=NC(c2cccc(Oc3ccc(Cl)cc3)c2)N(c2cccc(Cl)c2)C(N)=N1,6.41
CHEMBL161034,NC1=NC(c2ccc(Oc3ccccc3)cc2)N(c2ccc(Cl)cc2)C(N)=N1,6.92
CHEMBL354011,NC1=NC(c2cccc(OCc3ccccc3)c2)N(c2cccc(Cl)c2)C(N)=N1,5.09
CHEMBL416376,COc1cc(COc2ccc(Cc3cnc(N)nc3N)cc2)cc(OC)c1OC,4.7
CHEMBL747,CC1(C)N=C(N)N=C(N)N1c1ccc(Cl)cc1,5.24
CHEMBL161009,CCCCCCC1(C)N=C(N)N=C(N)N1c1cccc(Cl)c1,7.22
CHEMBL325533,COc1cc(Cc2c(C)nc(N)nc2N)cc(OC)c1OC,4.64
CHEMBL22137,CCc1nc(N)nc(N)c1Cc1ccc(OCc2ccccc2)c(OCc2ccccc2)c1,6.27
CHEMBL22139,CCCOc1cc(Cc2cnc(N)nc2N)ccc1OCc1cc(OC)c(OC)c(OC)c1,5.01
CHEMBL278847,CCc1nc(N)nc(N)c1-c1cccc(Cl)c1,6.38
CHEMBL161757,NC1=NC(c2cccc(Oc3cc(Cl)cc(Cl)c3)c2)N(c2cccc(Cl)c2)C(N)=N1,7.3
CHEMBL278847,CCc1nc(N)nc(N)c1-c1cccc(Cl)c1,7.9
CHEMBL22146,COc1cc(Cc2cnc(N)nc2N)ccc1OCc1ccccc1,4.59
CHEMBL22148,CCc1nc(N)nc(N)c1-c1ccccc1,5.48
CHEMBL274031,Nc1ncc(Cc2cccc(OCc3ccccc3)c2)c(N)n1,5.64
CHEMBL274031,Nc1ncc(Cc2cccc(OCc3ccccc3)c2)c(N)n1,7.52
CHEMBL118602,CCc1nc(N)nc(N)c1Cc1ccc(OCc2ccccc2)c(OC)c1,6.12
CHEMBL22146,COc1cc(Cc2cnc(N)nc2N)ccc1OCc1ccccc1,6.68
CHEMBL416376,COc1cc(COc2ccc(Cc3cnc(N)nc3N)cc2)cc(OC)c1OC,4.7
CHEMBL118602,CCc1nc(N)nc(N)c1Cc1ccc(OCc2ccccc2)c(OC)c1,4.79
CHEMBL56146,Nc1ncc(Cc2ccc(OCc3ccccc3)cc2)c(N)n1,6.89
CHEMBL161034,NC1=NC(c2ccc(Oc3ccccc3)cc2)N(c2ccc(Cl)cc2)C(N)=N1,7.4
CHEMBL22901,CCOc1cc(Cc2cnc(N)nc2N)ccc1OCc1cc(OC)c(OC)c(OC)c1,4.71
CHEMBL419055,CCc1nc(N)nc(N)c1Cc1cc(OC)c(OC)c(OC)c1,6.6
CHEMBL291931,COc1ccc(Cc2cnc(N)nc2N)cc1OCc1ccccc1,5.42
CHEMBL346932,Nc1nc(N)c(-c2cccc(Cl)c2)c(CCCOC(=O)c2ccccc2)n1,5.72
CHEMBL346982,CCCOc1ccc(C2N=C(N)N=C(N)N2c2cccc(Cl)c2)cc1,6
CHEMBL22139,CCCOc1cc(Cc2cnc(N)nc2N)ccc1OCc1cc(OC)c(OC)c(OC)c1,6.82
CHEMBL278813,COc1ccc(CCCc2nc(N)nc(N)c2-c2cccc(Cl)c2)cc1,6.39
CHEMBL346963,CCCCCCCC1N=C(N)N=C(N)N1c1cccc(Cl)c1,8.4
CHEMBL274031,Nc1ncc(Cc2cccc(OCc3ccccc3)c2)c(N)n1,5.45
CHEMBL119224,Nc1ncc(Cc2cccc(Oc3ccccc3)c2)c(N)n1,5.45
CHEMBL22137,CCc1nc(N)nc(N)c1Cc1ccc(OCc2ccccc2)c(OCc2ccccc2)c1,5.52
CHEMBL416373,CCCCOc1cc(Cc2cnc(N)nc2N)ccc1OCc1cc(OC)c(OC)c(OC)c1,7.3
CHEMBL416373,CCCCOc1cc(Cc2cnc(N)nc2N)ccc1OCc1cc(OC)c(OC)c(OC)c1,4.8
CHEMBL329687,NC1=NC(c2ccccc2)N(c2cccc(Cl)c2)C(N)=N1,6.1
CHEMBL346932,Nc1nc(N)c(-c2cccc(Cl)c2)c(CCCOC(=O)c2ccccc2)n1,5.7
CHEMBL346932,Nc1nc(N)c(-c2cccc(Cl)c2)c(CCCOC(=O)c2ccccc2)n1,5.12
CHEMBL352441,Nc1nc(N)c(-c2cccc(Cl)c2)c(CCCOC(=O)OCc2ccccc2)n1,5.72
CHEMBL22403,Nc1nc(N)c(-c2cccc(Cl)c2)c(CCOCCCOc2ccccc2)n1,6.46
CHEMBL348151,NC1=NC(c2cccc(Oc3cccc(C(F)(F)F)c3)c2)N(c2cccc(Cl)c2)C(N)=N1,6.75
CHEMBL161673,CCCCCCC1(C)N=C(N)N=C(N)N1c1ccc(Cl)cc1,5.39
CHEMBL56146,Nc1ncc(Cc2ccc(OCc3ccccc3)cc2)c(N)n1,4.77
CHEMBL21921,Nc1nc(N)c(-c2cccc(Cl)c2)c(CCCc2ccccc2)n1,5.37
CHEMBL21778,CCc1nc(N)nc(N)c1-c1ccc(C)cc1,4.9
CHEMBL22403,Nc1nc(N)c(-c2cccc(Cl)c2)c(CCOCCCOc2ccccc2)n1,5.35
CHEMBL278813,COc1ccc(CCCc2nc(N)nc(N)c2-c2cccc(Cl)c2)cc1,5.57
CHEMBL346963,CCCCCCCC1N=C(N)N=C(N)N1c1cccc(Cl)c1,6.85
CHEMBL416552,CCCCCCc1nc(N)nc(N)c1-c1ccccc1,5.64
CHEMBL416552,CCCCCCc1nc(N)nc(N)c1-c1ccccc1,5.19
CHEMBL158639,CCCC1(C)N=C(N)N=C(N)N1c1cccc(Cl)c1,6.75
CHEMBL747,CC1(C)N=C(N)N=C(N)N1c1ccc(Cl)cc1,4.42
CHEMBL22138,Nc1ncc(Cc2ccc(OCc3ccccc3)c(OCc3ccccc3)c2)c(N)n1,4.84
CHEMBL22138,Nc1ncc(Cc2ccc(OCc3ccccc3)c(OCc3ccccc3)c2)c(N)n1,5.51
CHEMBL56146,Nc1ncc(Cc2ccc(OCc3ccccc3)cc2)c(N)n1,5.64
CHEMBL56146,Nc1ncc(Cc2ccc(OCc3ccccc3)cc2)c(N)n1,4.67
CHEMBL161673,CCCCCCC1(C)N=C(N)N=C(N)N1c1ccc(Cl)cc1,5.48
CHEMBL21921,Nc1nc(N)c(-c2cccc(Cl)c2)c(CCCc2ccccc2)n1,5.24
CHEMBL7130,CC1(C)N=C(N)N=C(N)N1c1cccc(Cl)c1,5.89
CHEMBL161009,CCCCCCC1(C)N=C(N)N=C(N)N1c1cccc(Cl)c1,6.29
CHEMBL2387269,CCc1nc(N)nc(N)c1OCCCOc1ccccc1CCC(=O)O.Cl,8.34
CHEMBL36,CCc1nc(N)nc(N)c1-c1ccc(Cl)cc1,7.24
CHEMBL22146,COc1cc(Cc2cnc(N)nc2N)ccc1OCc1ccccc1,6.16
CHEMBL158570,NC1=NC(c2cccc(Oc3ccc(Cl)cc3)c2)N(c2cccc(Cl)c2)C(N)=N1,5.5
CHEMBL346963,CCCCCCCC1N=C(N)N=C(N)N1c1cccc(Cl)c1,7.4
CHEMBL22811,COc1cc(Cc2cnc(N)nc2N)ccc1OCc1cc(OC)c(OC)c(OC)c1,4.56
CHEMBL434771,CCc1nc(N)nc(N)c1-c1ccc2c(c1)OCO2,4.67
CHEMBL544227,CC1(C)N=C(N)N=C(N)N1c1ccc(Cl)cc1.Cl,8.82
CHEMBL3819601,Cc1nc(N)nc(N)c1OCCCOc1cc(Cl)c(Cl)cc1Cl,6.64
CHEMBL4211317,Nc1nc(N)c2cc(NCc3ccc(CCNC(=O)CCc4ccccc4)cc3)ccc2n1,6.73
CHEMBL4207059,Nc1nc(N)c2cc(NCc3ccc(CCNC(=O)c4cccc(F)c4)cc3)ccc2n1,7.3
CHEMBL278813,COc1ccc(CCCc2nc(N)nc(N)c2-c2cccc(Cl)c2)cc1,5.4
CHEMBL279509,COc1cc(Cc2cnc(N)nc2N)cc(OC)c1OCc1ccccc1,4.52
CHEMBL21885,CCc1nc(N)nc(N)c1-c1ccc(C(C)(C)C)cc1,5.41
CHEMBL22403,Nc1nc(N)c(-c2cccc(Cl)c2)c(CCOCCCOc2ccccc2)n1,5.48
CHEMBL1939368,CCc1nnc(NC(=O)CCc2ccc(S(=O)(=O)Nc3ccc(F)cc3)cc2)s1,5.2
CHEMBL444605,CC(=O)OCCCc1nc(N)nc(N)c1-c1cccc(Cl)c1,5.68
CHEMBL354011,NC1=NC(c2cccc(OCc3ccccc3)c2)N(c2cccc(Cl)c2)C(N)=N1,5.31
CHEMBL346982,CCCOc1ccc(C2N=C(N)N=C(N)N2c2cccc(Cl)c2)cc1,8.4
CHEMBL329687,NC1=NC(c2ccccc2)N(c2cccc(Cl)c2)C(N)=N1,6.7
CHEMBL747,CC1(C)N=C(N)N=C(N)N1c1ccc(Cl)cc1,5.62
CHEMBL161009,CCCCCCC1(C)N=C(N)N=C(N)N1c1cccc(Cl)c1,6.32
CHEMBL291931,COc1ccc(Cc2cnc(N)nc2N)cc1OCc1ccccc1,4.76
CHEMBL416373,CCCCOc1cc(Cc2cnc(N)nc2N)ccc1OCc1cc(OC)c(OC)c(OC)c1,6.48
CHEMBL274031,Nc1ncc(Cc2cccc(OCc3ccccc3)c2)c(N)n1,5.48
CHEMBL158639,CCCC1(C)N=C(N)N=C(N)N1c1cccc(Cl)c1,6.75
CHEMBL158639,CCCC1(C)N=C(N)N=C(N)N1c1cccc(Cl)c1,5.96
CHEMBL158570,NC1=NC(c2cccc(Oc3ccc(Cl)cc3)c2)N(c2cccc(Cl)c2)C(N)=N1,5.58
CHEMBL158570,NC1=NC(c2cccc(Oc3ccc(Cl)cc3)c2)N(c2cccc(Cl)c2)C(N)=N1,5.51
CHEMBL21407,COC(=O)CCCc1nc(N)nc(N)c1-c1ccccc1,4.5
CHEMBL22137,CCc1nc(N)nc(N)c1Cc1ccc(OCc2ccccc2)c(OCc2ccccc2)c1,5.38
CHEMBL22137,CCc1nc(N)nc(N)c1Cc1ccc(OCc2ccccc2)c(OCc2ccccc2)c1,5.46
CHEMBL22146,COc1cc(Cc2cnc(N)nc2N)ccc1OCc1ccccc1,4.42
CHEMBL22811,COc1cc(Cc2cnc(N)nc2N)ccc1OCc1cc(OC)c(OC)c(OC)c1,6.51
CHEMBL22811,COc1cc(Cc2cnc(N)nc2N)ccc1OCc1cc(OC)c(OC)c(OC)c1,4.58
CHEMBL22901,CCOc1cc(Cc2cnc(N)nc2N)ccc1OCc1cc(OC)c(OC)c(OC)c1,4.88
CHEMBL120123,COc1cc(Cc2c(C)nc(N)nc2N)ccc1OCc1ccccc1,7.7
CHEMBL279948,Cc1nc(N)nc(N)c1Cc1ccc(OCc2ccccc2)c(OCc2ccccc2)c1,7.7
CHEMBL22811,COc1cc(Cc2cnc(N)nc2N)ccc1OCc1cc(OC)c(OC)c(OC)c1,7.3
CHEMBL280410,COc1cc(COc2cc(Cc3cnc(N)nc3N)ccc2OCc2ccccc2)cc(OC)c1OC,4.76
CHEMBL161757,NC1=NC(c2cccc(Oc3cc(Cl)cc(Cl)c3)c2)N(c2cccc(Cl)c2)C(N)=N1,5.47
CHEMBL161757,NC1=NC(c2cccc(Oc3cc(Cl)cc(Cl)c3)c2)N(c2cccc(Cl)c2)C(N)=N1,5.41
CHEMBL161757,NC1=NC(c2cccc(Oc3cc(Cl)cc(Cl)c3)c2)N(c2cccc(Cl)c2)C(N)=N1,5.41
CHEMBL7130,CC1(C)N=C(N)N=C(N)N1c1cccc(Cl)c1,6.48
CHEMBL291931,COc1ccc(Cc2cnc(N)nc2N)cc1OCc1ccccc1,6.6
CHEMBL22693,Nc1nc(N)c(-c2ccccc2)c(CCCc2ccccc2)n1,6.68
CHEMBL329687,NC1=NC(c2ccccc2)N(c2cccc(Cl)c2)C(N)=N1,6.25
CHEMBL161451,NC1=NC(c2ccc(Oc3ccccc3)cc2)N(c2cccc(Cl)c2)C(N)=N1,5.51
CHEMBL161451,NC1=NC(c2ccc(Oc3ccccc3)cc2)N(c2cccc(Cl)c2)C(N)=N1,5.48
CHEMBL161009,CCCCCCC1(C)N=C(N)N=C(N)N1c1cccc(Cl)c1,6.31
CHEMBL158639,CCCC1(C)N=C(N)N=C(N)N1c1cccc(Cl)c1,6.55
CHEMBL278847,CCc1nc(N)nc(N)c1-c1cccc(Cl)c1,5.04
CHEMBL7130,CC1(C)N=C(N)N=C(N)N1c1cccc(Cl)c1,6.28
CHEMBL352441,Nc1nc(N)c(-c2cccc(Cl)c2)c(CCCOC(=O)OCc2ccccc2)n1,5.23
CHEMBL161451,NC1=NC(c2ccc(Oc3ccccc3)cc2)N(c2cccc(Cl)c2)C(N)=N1,6.19
CHEMBL25112,Nc1ncc(Cc2ccc(OCCCOc3cc(Cl)c(Cl)cc3Cl)cc2)c(N)n1,5.46
CHEMBL352441,Nc1nc(N)c(-c2cccc(Cl)c2)c(CCCOC(=O)OCc2ccccc2)n1,5.39
CHEMBL329687,NC1=NC(c2ccccc2)N(c2cccc(Cl)c2)C(N)=N1,6.51
CHEMBL348151,NC1=NC(c2cccc(Oc3cccc(C(F)(F)F)c3)c2)N(c2cccc(Cl)c2)C(N)=N1,5.5
CHEMBL36,CCc1nc(N)nc(N)c1-c1ccc(Cl)cc1,7.1
CHEMBL36,CCc1nc(N)nc(N)c1-c1ccc(Cl)cc1,4.38
CHEMBL348151,NC1=NC(c2cccc(Oc3cccc(C(F)(F)F)c3)c2)N(c2cccc(Cl)c2)C(N)=N1,5.5
CHEMBL22271,CCOc1c(Br)cc(-c2c(N)nc(N)nc2CC)cc1Br,4.76
CHEMBL118602,CCc1nc(N)nc(N)c1Cc1ccc(OCc2ccccc2)c(OC)c1,6.92
CHEMBL416552,CCCCCCc1nc(N)nc(N)c1-c1ccccc1,7.22
CHEMBL161757,NC1=NC(c2cccc(Oc3cc(Cl)cc(Cl)c3)c2)N(c2cccc(Cl)c2)C(N)=N1,5.26
CHEMBL36,CCc1nc(N)nc(N)c1-c1ccc(Cl)cc1,4.13
CHEMBL348151,NC1=NC(c2cccc(Oc3cccc(C(F)(F)F)c3)c2)N(c2cccc(Cl)c2)C(N)=N1,5.55
CHEMBL348151,NC1=NC(c2cccc(Oc3cccc(C(F)(F)F)c3)c2)N(c2cccc(Cl)c2)C(N)=N1,5.47
CHEMBL22693,Nc1nc(N)c(-c2ccccc2)c(CCCc2ccccc2)n1,5.57
CHEMBL161034,NC1=NC(c2ccc(Oc3ccccc3)cc2)N(c2ccc(Cl)cc2)C(N)=N1,5.32
CHEMBL416552,CCCCCCc1nc(N)nc(N)c1-c1ccccc1,5.52
CHEMBL422005,Nc1nc(N)c(-c2cccc(Cl)c2)c(CCCO)n1,5.96
CHEMBL422005,Nc1nc(N)c(-c2cccc(Cl)c2)c(CCCO)n1,5.21
CHEMBL161451,NC1=NC(c2ccc(Oc3ccccc3)cc2)N(c2cccc(Cl)c2)C(N)=N1,6.13
CHEMBL22693,Nc1nc(N)c(-c2ccccc2)c(CCCc2ccccc2)n1,5.57
CHEMBL21921,Nc1nc(N)c(-c2cccc(Cl)c2)c(CCCc2ccccc2)n1,6.17
CHEMBL346982,CCCOc1ccc(C2N=C(N)N=C(N)N2c2cccc(Cl)c2)cc1,6.42
CHEMBL278847,CCc1nc(N)nc(N)c1-c1cccc(Cl)c1,5.41
CHEMBL161757,NC1=NC(c2cccc(Oc3cc(Cl)cc(Cl)c3)c2)N(c2cccc(Cl)c2)C(N)=N1,5.51
CHEMBL158639,CCCC1(C)N=C(N)N=C(N)N1c1cccc(Cl)c1,6.54
CHEMBL422005,Nc1nc(N)c(-c2cccc(Cl)c2)c(CCCO)n1,5.35
CHEMBL278847,CCc1nc(N)nc(N)c1-c1cccc(Cl)c1,8.57
CHEMBL416373,CCCCOc1cc(Cc2cnc(N)nc2N)ccc1OCc1cc(OC)c(OC)c(OC)c1,4.99
CHEMBL22403,Nc1nc(N)c(-c2cccc(Cl)c2)c(CCOCCCOc2ccccc2)n1,5.34
CHEMBL354011,NC1=NC(c2cccc(OCc3ccccc3)c2)N(c2cccc(Cl)c2)C(N)=N1,5.12
CHEMBL278847,CCc1nc(N)nc(N)c1-c1cccc(Cl)c1,5.6
CHEMBL22138,Nc1ncc(Cc2ccc(OCc3ccccc3)c(OCc3ccccc3)c2)c(N)n1,7.22
CHEMBL419055,CCc1nc(N)nc(N)c1Cc1cc(OC)c(OC)c(OC)c1,6.44
CHEMBL119224,Nc1ncc(Cc2cccc(Oc3ccccc3)c2)c(N)n1,4.53
CHEMBL22137,CCc1nc(N)nc(N)c1Cc1ccc(OCc2ccccc2)c(OCc2ccccc2)c1,7.52
CHEMBL416373,CCCCOc1cc(Cc2cnc(N)nc2N)ccc1OCc1cc(OC)c(OC)c(OC)c1,7.16
CHEMBL22693,Nc1nc(N)c(-c2ccccc2)c(CCCc2ccccc2)n1,5.07
CHEMBL352195,NC1=NC(c2cccc(Oc3ccc(Cl)cc3)c2)N(c2ccc(Cl)cc2)C(N)=N1,5.55
CHEMBL352195,NC1=NC(c2cccc(Oc3ccc(Cl)cc3)c2)N(c2ccc(Cl)cc2)C(N)=N1,6.38
CHEMBL159052,NC1=NC(c2cccc(OCCCOc3cc(Cl)c(Cl)cc3Cl)c2)N(c2cccc(Cl)c2)C(N)=N1,5.52
CHEMBL159052,NC1=NC(c2cccc(OCCCOc3cc(Cl)c(Cl)cc3Cl)c2)N(c2cccc(Cl)c2)C(N)=N1,5.13
CHEMBL549325,O=C(CCc1ccc(S(=O)(=O)NCCc2ccccc2)cc1)Nc1ccc2c(c1)OCCO2,4.45
CHEMBL4206536,Nc1nc(N)c2cc(NCc3ccc(CCNC(=O)c4ccccc4F)cc3)ccc2n1,6.74
CHEMBL4213293,Nc1nc(N)c2cc(NCc3ccc(CCNC(=O)c4ccc5ccccc5c4)cc3)ccc2n1,7.17
CHEMBL21799,CCc1nc(N)nc(N)c1-c1ccc(Cl)c(Cl)c1,4.76
CHEMBL282275,CCc1nc(N)nc(N)c1-c1ccc(Br)cc1,4.6
CHEMBL22693,Nc1nc(N)c(-c2ccccc2)c(CCCc2ccccc2)n1,5.64
CHEMBL21690,Nc1ncc(-c2ccccc2)c(N)n1,4.71
CHEMBL21921,Nc1nc(N)c(-c2cccc(Cl)c2)c(CCCc2ccccc2)n1,5.52
CHEMBL21395,CCOc1cc(Cc2cnc(N)nc2N)ccc1OCc1ccccc1,6.33
CHEMBL161673,CCCCCCC1(C)N=C(N)N=C(N)N1c1ccc(Cl)cc1,7.7
CHEMBL346932,Nc1nc(N)c(-c2cccc(Cl)c2)c(CCCOC(=O)c2ccccc2)n1,5.68
CHEMBL346982,CCCOc1ccc(C2N=C(N)N=C(N)N2c2cccc(Cl)c2)cc1,6.6
CHEMBL346982,CCCOc1ccc(C2N=C(N)N=C(N)N2c2cccc(Cl)c2)cc1,5.54
CHEMBL444605,CC(=O)OCCCc1nc(N)nc(N)c1-c1cccc(Cl)c1,5.75
CHEMBL354011,NC1=NC(c2cccc(OCc3ccccc3)c2)N(c2cccc(Cl)c2)C(N)=N1,5.48
CHEMBL329687,NC1=NC(c2ccccc2)N(c2cccc(Cl)c2)C(N)=N1,6.6
CHEMBL161117,NC1=NC(c2cccc(Oc3ccccc3)c2)N(c2cccc(Cl)c2)C(N)=N1,5.57
CHEMBL278847,CCc1nc(N)nc(N)c1-c1cccc(Cl)c1,5.89
CHEMBL56146,Nc1ncc(Cc2ccc(OCc3ccccc3)cc2)c(N)n1,4.82
CHEMBL158570,NC1=NC(c2cccc(Oc3ccc(Cl)cc3)c2)N(c2cccc(Cl)c2)C(N)=N1,5.41
CHEMBL444605,CC(=O)OCCCc1nc(N)nc(N)c1-c1cccc(Cl)c1,5.8
CHEMBL158570,NC1=NC(c2cccc(Oc3ccc(Cl)cc3)c2)N(c2cccc(Cl)c2)C(N)=N1,5.7
CHEMBL161117,NC1=NC(c2cccc(Oc3ccccc3)c2)N(c2cccc(Cl)c2)C(N)=N1,5.47
CHEMBL36,CCc1nc(N)nc(N)c1-c1ccc(Cl)cc1,7.1
CHEMBL278813,COc1ccc(CCCc2nc(N)nc(N)c2-c2cccc(Cl)c2)cc1,5.33
CHEMBL22403,Nc1nc(N)c(-c2cccc(Cl)c2)c(CCOCCCOc2ccccc2)n1,5.54
CHEMBL4209975,COc1cc(OC)cc(C(=O)NCCc2ccc(CNc3ccc4nc(N)nc(N)c4c3)cc2)c1,7.49
CHEMBL416376,COc1cc(COc2ccc(Cc3cnc(N)nc3N)cc2)cc(OC)c1OC,6.82
CHEMBL22138,Nc1ncc(Cc2ccc(OCc3ccccc3)c(OCc3ccccc3)c2)c(N)n1,5.17
CHEMBL22138,Nc1ncc(Cc2ccc(OCc3ccccc3)c(OCc3ccccc3)c2)c(N)n1,5.09
CHEMBL21921,Nc1nc(N)c(-c2cccc(Cl)c2)c(CCCc2ccccc2)n1,5.44
CHEMBL22405,COC(=O)CCCc1nc(N)nc(N)c1-c1ccc(Cl)cc1,4.65
CHEMBL22327,COc1cc(Cc2cnc(N)nc2N)ccc1OCCCc1ccccc1,4.93
CHEMBL36,CCc1nc(N)nc(N)c1-c1ccc(Cl)cc1,7.59
CHEMBL346963,CCCCCCCC1N=C(N)N=C(N)N1c1cccc(Cl)c1,6.58
CHEMBL159052,NC1=NC(c2cccc(OCCCOc3cc(Cl)c(Cl)cc3Cl)c2)N(c2cccc(Cl)c2)C(N)=N1,5.5
CHEMBL21408,Cc1nc(N)nc(N)c1-c1ccccc1,4.51
CHEMBL4213904,Nc1nc(N)c2cc(NCc3ccc(CCNC(=O)c4ccc([N+](=O)[O-])cc4)cc3)ccc2n1,7.25
CHEMBL21691,Nc1nc(N)c(-c2ccc(Cl)cc2)c(CCCc2ccccc2)n1,4.97
CHEMBL159052,NC1=NC(c2cccc(OCCCOc3cc(Cl)c(Cl)cc3Cl)c2)N(c2cccc(Cl)c2)C(N)=N1,5.07
CHEMBL21395,CCOc1cc(Cc2cnc(N)nc2N)ccc1OCc1ccccc1,4.78
CHEMBL4218788,Nc1nc(N)c2cc(NCc3ccc(CCNC(=O)c4ccc(F)cc4)cc3)ccc2n1,6.93
CHEMBL416376,COc1cc(COc2ccc(Cc3cnc(N)nc3N)cc2)cc(OC)c1OC,6.17
CHEMBL118602,CCc1nc(N)nc(N)c1Cc1ccc(OCc2ccccc2)c(OC)c1,5.27
CHEMBL325533,COc1cc(Cc2c(C)nc(N)nc2N)cc(OC)c1OC,6.12
CHEMBL348151,NC1=NC(c2cccc(Oc3cccc(C(F)(F)F)c3)c2)N(c2cccc(Cl)c2)C(N)=N1,5.55
CHEMBL118602,CCc1nc(N)nc(N)c1Cc1ccc(OCc2ccccc2)c(OC)c1,5.3
CHEMBL274031,Nc1ncc(Cc2cccc(OCc3ccccc3)c2)c(N)n1,4.82
CHEMBL274031,Nc1ncc(Cc2cccc(OCc3ccccc3)c2)c(N)n1,7.52
CHEMBL352195,NC1=NC(c2cccc(Oc3ccc(Cl)cc3)c2)N(c2ccc(Cl)cc2)C(N)=N1,5.4
CHEMBL279948,Cc1nc(N)nc(N)c1Cc1ccc(OCc2ccccc2)c(OCc2ccccc2)c1,5.51
CHEMBL329687,NC1=NC(c2ccccc2)N(c2cccc(Cl)c2)C(N)=N1,7.7
CHEMBL416376,COc1cc(COc2ccc(Cc3cnc(N)nc3N)cc2)cc(OC)c1OC,4.67
CHEMBL22,COc1cc(Cc2cnc(N)nc2N)cc(OC)c1OC,8
CHEMBL161451,NC1=NC(c2ccc(Oc3ccccc3)cc2)N(c2cccc(Cl)c2)C(N)=N1,5.48
CHEMBL161117,NC1=NC(c2cccc(Oc3ccccc3)c2)N(c2cccc(Cl)c2)C(N)=N1,7.22
CHEMBL161117,NC1=NC(c2cccc(Oc3ccccc3)c2)N(c2cccc(Cl)c2)C(N)=N1,5.44
CHEMBL354011,NC1=NC(c2cccc(OCc3ccccc3)c2)N(c2cccc(Cl)c2)C(N)=N1,5.4
CHEMBL354011,NC1=NC(c2cccc(OCc3ccccc3)c2)N(c2cccc(Cl)c2)C(N)=N1,6.72
CHEMBL291931,COc1ccc(Cc2cnc(N)nc2N)cc1OCc1ccccc1,7.52
CHEMBL161009,CCCCCCC1(C)N=C(N)N=C(N)N1c1cccc(Cl)c1,5.5
CHEMBL4211543,CC(C)(C)C1CCC(C(=O)NCCc2ccc(CNc3ccc4nc(N)nc(N)c4c3)cc2)CC1,6.54
CHEMBL161117,NC1=NC(c2cccc(Oc3ccccc3)c2)N(c2cccc(Cl)c2)C(N)=N1,5.46
CHEMBL120123,COc1cc(Cc2c(C)nc(N)nc2N)ccc1OCc1ccccc1,6.75
CHEMBL120123,COc1cc(Cc2c(C)nc(N)nc2N)ccc1OCc1ccccc1,5.32
CHEMBL279492,Nc1ncc(-c2ccc(Cl)cc2)c(N)n1,4.58
CHEMBL22039,Cc1nc(N)nc(N)c1-c1cccc(Cl)c1,5.32
CHEMBL22139,CCCOc1cc(Cc2cnc(N)nc2N)ccc1OCc1cc(OC)c(OC)c(OC)c1,5.37
CHEMBL278813,COc1ccc(CCCc2nc(N)nc(N)c2-c2cccc(Cl)c2)cc1,5.57
CHEMBL21357,Cc1nc(N)nc(N)c1-c1ccc(Cl)cc1,4.22
CHEMBL22138,Nc1ncc(Cc2ccc(OCc3ccccc3)c(OCc3ccccc3)c2)c(N)n1,4.84
CHEMBL21414,Nc1ncc(-c2cccc(Cl)c2)c(N)n1,5.06
CHEMBL4210479,COc1ccc(C(=O)NCCc2ccc(CNc3ccc4nc(N)nc(N)c4c3)cc2)cc1OC,7.21
CHEMBL4214368,COc1ccc(C(=O)NCCc2ccc(CNc3ccc4nc(N)nc(N)c4c3)cc2)cc1,6.8
CHEMBL22138,Nc1ncc(Cc2ccc(OCc3ccccc3)c(OCc3ccccc3)c2)c(N)n1,6.96
CHEMBL279986,CCc1nc(N)nc(N)c1-c1ccc(-c2ccccc2)cc1,5.36
CHEMBL279948,Cc1nc(N)nc(N)c1Cc1ccc(OCc2ccccc2)c(OCc2ccccc2)c1,5.36
CHEMBL325533,COc1cc(Cc2c(C)nc(N)nc2N)cc(OC)c1OC,5.47
CHEMBL325533,COc1cc(Cc2c(C)nc(N)nc2N)cc(OC)c1OC,6.3
CHEMBL352195,NC1=NC(c2cccc(Oc3ccc(Cl)cc3)c2)N(c2ccc(Cl)cc2)C(N)=N1,5.48
CHEMBL352195,NC1=NC(c2cccc(Oc3ccc(Cl)cc3)c2)N(c2ccc(Cl)cc2)C(N)=N1,5.4
CHEMBL352195,NC1=NC(c2cccc(Oc3ccc(Cl)cc3)c2)N(c2ccc(Cl)cc2)C(N)=N1,5.42
CHEMBL22138,Nc1ncc(Cc2ccc(OCc3ccccc3)c(OCc3ccccc3)c2)c(N)n1,6.33
CHEMBL22901,CCOc1cc(Cc2cnc(N)nc2N)ccc1OCc1cc(OC)c(OC)c(OC)c1,5.3
CHEMBL21395,CCOc1cc(Cc2cnc(N)nc2N)ccc1OCc1ccccc1,6.92
CHEMBL279948,Cc1nc(N)nc(N)c1Cc1ccc(OCc2ccccc2)c(OCc2ccccc2)c1,5.36
CHEMBL279948,Cc1nc(N)nc(N)c1Cc1ccc(OCc2ccccc2)c(OCc2ccccc2)c1,7.52
CHEMBL325533,COc1cc(Cc2c(C)nc(N)nc2N)cc(OC)c1OC,4.04
CHEMBL416376,COc1cc(COc2ccc(Cc3cnc(N)nc3N)cc2)cc(OC)c1OC,7
CHEMBL416376,COc1cc(COc2ccc(Cc3cnc(N)nc3N)cc2)cc(OC)c1OC,6.77
CHEMBL118602,CCc1nc(N)nc(N)c1Cc1ccc(OCc2ccccc2)c(OC)c1,7.3
CHEMBL119224,Nc1ncc(Cc2cccc(Oc3ccccc3)c2)c(N)n1,7.52
CHEMBL22811,COc1cc(Cc2cnc(N)nc2N)ccc1OCc1cc(OC)c(OC)c(OC)c1,4.56
CHEMBL419055,CCc1nc(N)nc(N)c1Cc1cc(OC)c(OC)c(OC)c1,5.62
CHEMBL21395,CCOc1cc(Cc2cnc(N)nc2N)ccc1OCc1ccccc1,7.16
CHEMBL22139,CCCOc1cc(Cc2cnc(N)nc2N)ccc1OCc1cc(OC)c(OC)c(OC)c1,5.11
CHEMBL119224,Nc1ncc(Cc2cccc(Oc3ccccc3)c2)c(N)n1,5.43
CHEMBL416373,CCCCOc1cc(Cc2cnc(N)nc2N)ccc1OCc1cc(OC)c(OC)c(OC)c1,5.47
CHEMBL56146,Nc1ncc(Cc2ccc(OCc3ccccc3)cc2)c(N)n1,4.82
CHEMBL291931,COc1ccc(Cc2cnc(N)nc2N)cc1OCc1ccccc1,5.58
CHEMBL22139,CCCOc1cc(Cc2cnc(N)nc2N)ccc1OCc1cc(OC)c(OC)c(OC)c1,7.7
CHEMBL22139,CCCOc1cc(Cc2cnc(N)nc2N)ccc1OCc1cc(OC)c(OC)c(OC)c1,5.37
CHEMBL422005,Nc1nc(N)c(-c2cccc(Cl)c2)c(CCCO)n1,5.72
CHEMBL138060,COc1ccc(OC)c(CNc2ccc3nc(N)nc(N)c3c2Cl)c1,9.41
CHEMBL1939368,CCc1nnc(NC(=O)CCc2ccc(S(=O)(=O)Nc3ccc(F)cc3)cc2)s1,8.2
CHEMBL4207961,Nc1nc(N)c2cc(NCc3ccc(CCNC(=O)c4ccc5c(c4)OCO5)cc3)ccc2n1,7.58
CHEMBL22137,CCc1nc(N)nc(N)c1Cc1ccc(OCc2ccccc2)c(OCc2ccccc2)c1,5.38
CHEMBL416373,CCCCOc1cc(Cc2cnc(N)nc2N)ccc1OCc1cc(OC)c(OC)c(OC)c1,7.52
CHEMBL36,CCc1nc(N)nc(N)c1-c1ccc(Cl)cc1,4.51
CHEMBL416376,COc1cc(COc2ccc(Cc3cnc(N)nc3N)cc2)cc(OC)c1OC,4.7
CHEMBL22811,COc1cc(Cc2cnc(N)nc2N)ccc1OCc1cc(OC)c(OC)c(OC)c1,4.51
CHEMBL22146,COc1cc(Cc2cnc(N)nc2N)ccc1OCc1ccccc1,5.33
CHEMBL21395,CCOc1cc(Cc2cnc(N)nc2N)ccc1OCc1ccccc1,4.78
CHEMBL4553229,Nc1ncc(N2CCN(c3ccccc3)CC2)c(N)n1,8.72
CHEMBL161673,CCCCCCC1(C)N=C(N)N=C(N)N1c1ccc(Cl)cc1,5.62
CHEMBL161673,CCCCCCC1(C)N=C(N)N=C(N)N1c1ccc(Cl)cc1,5.19
CHEMBL7130,CC1(C)N=C(N)N=C(N)N1c1cccc(Cl)c1,7.3
CHEMBL4210735,Nc1nc(N)c2cc(NCc3ccc(CCNC(=O)c4ccc5c(c4)OCCO5)cc3)ccc2n1,7.09
CHEMBL4218177,COc1cccc(C(=O)NCCc2ccc(CNc3ccc4nc(N)nc(N)c4c3)cc2)c1,7.4
CHEMBL4213489,Nc1nc(N)c2cc(NCc3ccc(CCNC(=O)c4ccc(C(F)(F)F)cc4)cc3)ccc2n1,7.67
CHEMBL4216274,Nc1nc(N)c2cc(NCc3ccc(CCNC(=O)c4ccco4)cc3)ccc2n1,6.97
CHEMBL4203015,Nc1nc(N)c2cc(NCc3ccc(CCNC(=O)Cc4ccccc4)cc3)ccc2n1,7.15
CHEMBL4212687,Nc1nc(N)c2cc(NCc3ccc(CCNC(=O)C4CCCCC4)cc3)ccc2n1,6.65
CHEMBL352441,Nc1nc(N)c(-c2cccc(Cl)c2)c(CCCOC(=O)OCc2ccccc2)n1,5.72
CHEMBL34259,CN(Cc1cnc2nc(N)nc(N)c2n1)c1ccc(C(=O)N[C@@H](CCC(=O)O)C(=O)O)cc1,7.08
CHEMBL747,CC1(C)N=C(N)N=C(N)N1c1ccc(Cl)cc1,5.43
CHEMBL4209486,Nc1nc(N)c2cc(NCc3ccc(CCNC(=O)c4cccs4)cc3)ccc2n1,7.08
CHEMBL545921,CC1(C)N=C(N)N=C(N)N1OCCCOc1cc(Cl)c(Cl)cc1Cl.Cl,9.24
CHEMBL5786336,Nc1ncc(N2CCN(c3cccc(C4CCOCC4)c3)CC2)c(N)n1,8.96
CHEMBL161673,CCCCCCC1(C)N=C(N)N=C(N)N1c1ccc(Cl)cc1,5.72
CHEMBL747,CC1(C)N=C(N)N=C(N)N1c1ccc(Cl)cc1,7.4
CHEMBL5822647,CCCc1nc(N)nc(N)c1N1CCN(c2ccccc2)CC1,7.85
CHEMBL34259,CN(Cc1cnc2nc(N)nc(N)c2n1)c1ccc(C(=O)N[C@@H](CCC(=O)O)C(=O)O)cc1,9.05
CHEMBL36,CCc1nc(N)nc(N)c1-c1ccc(Cl)cc1,8.28
CHEMBL4468777,COc1ncc(-c2cccc(N3CCN(c4cnc(N)nc4N)CC3)c2)cn1,9.15
